,Slide 1,Slide 2,Slide 3,Slide 4,Slide 5,Slide 6,Slide 7,Slide 8,mean
0,,2.6181839562472726,2.58602007685404,3.374212154251847,3.0862547538045977,4.267969339096871,3.4591649361851617,2.9156846576568625,3.0645003054712037
1,2.6181839562472726,,3.1548782672792943,2.4637677364381174,1.503440836184802,3.7625725732979887,2.3660544619149366,2.8556826031526095,3.0645003054712037
2,2.58602007685404,3.1548782672792943,,4.481780753780348,3.736442605737208,4.499068927368583,4.465281354251363,3.6624473864574454,3.0645003054712037
3,3.374212154251847,2.4637677364381174,4.481780753780348,,1.761459507299463,3.234615039267583,1.8469499409677077,2.557526929374735,3.0645003054712037
4,3.0862547538045977,1.503440836184802,3.736442605737208,1.761459507299463,,4.136099314880692,2.042154322373516,2.9943460456561453,3.0645003054712037
5,4.267969339096871,3.7625725732979887,4.499068927368583,3.234615039267583,4.136099314880692,,2.6571915908760846,2.4115676044451395,3.0645003054712037
6,3.4591649361851617,2.3660544619149366,4.465281354251363,1.8469499409677077,2.042154322373516,2.6571915908760846,,2.9051908780932845,3.0645003054712037
7,2.9156846576568625,2.8556826031526095,3.6624473864574454,2.557526929374735,2.9943460456561453,2.4115676044451395,2.9051908780932845,,3.0645003054712037
8,3.1867842677280933,2.674940062073574,3.797988481675469,2.8171874373399715,2.7514567694194887,3.567012055604706,2.8202839263802937,2.9003494435480315,3.0645003054712037
