	braycurtis	canberra	chebyshev	cityblock	correlation	cosine	dice	euclidean	hamming	jaccard	jensenshannon	kulczynski1	mahalanobis	matching	minkowski	rogerstanimoto	russellrao	seuclidean	sokalmichener	sokalsneath	sqeuclidean	yule
0	0.08254361695474713	0.3771971905814519	1.8549879469723023	2.652446050288129	0.0363616021481316	0.02217529617521084	0.0	2.0621460321143297	1.0	1.0	inf	inf	1.5192234804493723	1.0	2.0621460321143297	0.0	0.0	1.4217797918014554	0.0	0.0	9.318955985458947	0.0
1	0.06274875103247686	0.4879377476301687	1.5313557903513133	2.137496385991984	1.7969387571910814e-17	0.005633227877128641	0.0	1.6881379062833746	1.0	1.0	inf	inf	1.7759270936913658	1.0	1.6881379062833746	0.0	0.0	1.7669487140135898	0.0	0.0	3.737729124285779	0.0
2	0.17419745879500398	0.7693948011050944	2.3447033110379225	3.3426588726342694	0.00898874127220585	0.029668777377397114	0.0	2.611998671288591	1.0	1.0	inf	inf	1.7438576000799273	1.0	2.611998671288591	0.0	0.0	1.7393259803252445	0.0	0.0	9.038405695098795	0.0
