	braycurtis	canberra	chebyshev	cityblock	correlation	cosine	dice	euclidean	hamming	jaccard	jensenshannon	kulczynski1	mahalanobis	matching	minkowski	rogerstanimoto	russellrao	seuclidean	sokalmichener	sokalsneath	sqeuclidean	yule
0	0.0904104303985823	0.1864216485817999	2.0386250111356765	2.9153519865308835	1.283926457235962e-17	0.007424251714272671	0.0	2.2777197125080635	1.0	1.0	0.039899934039536726	inf	1.707569312464827	1.0	2.2777197125080635	0.0	0.0	1.6745302830338904	0.0	0.0	7.679576857462916	0.0
1	0.10870198397545157	0.24255070757638383	2.037129772397188	2.9194270813132484	1.0298448870957335e-17	0.01196771393288737	0.0	2.2781765796083295	1.0	1.0	inf	inf	1.7040750728293936	1.0	2.2781765796083295	0.0	0.0	1.6564040998079224	0.0	0.0	7.483073795718238	0.0
2	0.0765079341448921	0.15721056403298952	1.816001540690156	2.4725851297664527	2.203281465636223e-17	0.006305519726139357	0.0	1.9855537162321855	1.0	1.0	0.03645023360691694	inf	1.7029827773094173	1.0	1.9855537162321855	0.0	0.0	1.6905672337686375	0.0	0.0	5.478552257071965	0.0
3	0.22421241163040978	0.5520215333001856	2.6869739621775257	4.059523139821039	1.7812212186318557e-17	0.02930568537938404	0.0	3.092975249786627	1.0	1.0	0.10433495279416256	inf	1.7851484260826518	1.0	3.092975249786627	0.0	0.0	1.7260566999845786	0.0	0.0	12.932018048148244	0.0
4	0.19923287187853037	0.5110701649523951	2.9352687957368127	4.561936900286769	1.3595390962888e-17	0.0337431704303683	0.0	3.4348252902647864	1.0	1.0	inf	inf	1.7686498623238915	1.0	3.4348252902647864	0.0	0.0	1.6939927339679235	0.0	0.0	16.417570112968463	0.0
5	0.18169442881008102	0.4373734451912848	2.156193728832047	3.06926585287149	1.4836710885387465e-17	0.031741530031286096	0.0	2.404080831913971	1.0	1.0	0.10057516914619151	inf	1.7928523859009313	1.0	2.404080831913971	0.0	0.0	1.7807505930245906	0.0	0.0	7.290347656711445	0.0
6	0.17974155603546116	0.5350969751958354	2.024434871486442	2.9606224475185834	1.8392661013580122e-17	0.031400694630316466	0.0	2.2879511535725627	1.0	1.0	inf	inf	1.7794483385198152	1.0	2.2879511535725627	0.0	0.0	1.7565361087700515	0.0	0.0	6.786568764435365	0.0
7	0.13549734341331077	0.2799764518150986	2.1544013959534314	2.9924217148216403	2.0119960119737532e-17	0.01610934093015687	0.0	2.3644208862766622	1.0	1.0	0.05929674752436874	inf	1.7980241309110159	1.0	2.3644208862766622	0.0	0.0	1.7867814706843852	0.0	0.0	7.191401440193756	0.0
