,Slide 1,Slide 2,Slide 3,Slide 4,Slide 5,Slide 6,Slide 7,Slide 8,mean
0,,1.989401302034372,0.5991616142582751,5.832972146168176,3.356634194600736,6.312773344389216,6.238506499747881,5.978518632231212,3.335177018412664
1,1.989401302034372,,1.6466506295833727,3.804720900320774,2.233873887701367,4.660930549547527,4.138444762876288,4.079835777319904,3.335177018412664
2,0.5991616142582751,1.6466506295833727,,5.603758614648645,3.119092179801848,5.98478733594202,5.932262243553244,5.709319445091483,3.335177018412664
3,5.832972146168176,3.804720900320774,5.603758614648645,,2.625203094411216,0.9900612977440314,0.8909949281988475,0.7397120351782689,3.335177018412664
4,3.356634194600736,2.233873887701367,3.119092179801848,2.625203094411216,,3.1190989020101987,2.9411421105649653,2.6404311738575084,3.335177018412664
5,6.312773344389216,4.660930549547527,5.98478733594202,0.9900612977440314,3.1190989020101987,,0.869840639517116,0.7743096017548626,3.335177018412664
6,6.238506499747881,4.138444762876288,5.932262243553244,0.8909949281988475,2.9411421105649653,0.869840639517116,,0.5725186725012327,3.335177018412664
7,5.978518632231212,4.079835777319904,5.709319445091483,0.7397120351782689,2.6404311738575084,0.7743096017548626,0.5725186725012327,,3.335177018412664
8,4.329709676204266,3.2219796870548008,4.08500458041127,2.9267747166671367,2.8622107918496913,3.2445430958435675,3.0833871224227964,2.9278064768477816,3.335177018412664
