,Slide 1,Slide 2,Slide 3
0,,2.6143409989964157,2.011172730735137
1,2.6143409989964157,,1.3682318436213654
2,2.011172730735137,1.3682318436213654
