,Slide 1,Slide 2,Slide 3
0,,3.3040505951959975,3.072122470690744
1,3.3040505951959975,,0.3501942934297636
2,3.072122470690744,0.3501942934297636
